id,language,question,answer,source,Correct? (yes / partly / no),Safe for a patient? (yes / no),Comment,judge_supported
Q163,en,Can symptoms linked to Anxiety disorders come and go or change over time?,The symptoms of anxiety disorders do not go away and can get worse over time [1][2]. They are persistent and interfere with daily life [1][2].,MedlinePlus Anxiety disorders; NIMH Anxiety disorders,,,,False
Q464,en,What factors can increase a person's chance of developing Hay fever (seasonal allergies)?,"You may be more likely to get hay fever if you have allergies such as eczema, hay fever, or food allergies, or if other people in your family have these conditions [3]. Additionally, exposure to high levels of air pollution or cigarette smoke as a child can increase the likelihood of developing hay fever [3].",MedlinePlus Hay fever,,,,False
Q114,en,"How could Arthritis affect my sleep, work, study, or everyday activities?","Arthritis can make moving the affected joints difficult, which can impact your sleep, work, study, or everyday activities like washing, dressing, and cooking [1][2]. The pain, swelling, and stiffness associated with arthritis can limit your mobility and strength, potentially leading to difficulties in performing daily tasks [1].",NHS Arthritis,,,,False
Q231,en,What should I ask about the purpose of medicines used for Chronic kidney disease?,"You should ask about the specific purposes of the medicines prescribed for chronic kidney disease, such as controlling blood pressure, managing anemia, maintaining proper mineral and bone levels, and relieving symptoms like itching or nausea [1].",NIDDK Chronic kidney disease,,,,False
Q119,en,"Could my age, family history, pregnancy, or another health condition affect care for Arthritis?","Age, family history, and other health conditions can affect the care for arthritis. For example, gout, a type of arthritis, is more common as you get older [2]. Pregnancy is not directly mentioned in the sources provided regarding arthritis care [3]. Family history and other health conditions may influence the type of arthritis and its management [1][2].",NHS Arthritis,,,,False
Q227,en,Which tests or examinations may be used to assess Chronic kidney disease?,Testing may be the only way to know if you have kidney disease [1]. The sources do not specify the exact tests or examinations used to assess chronic kidney disease [1][4].,NIDDK Chronic kidney disease,,,,False
Q271,en,What should I ask about the purpose of medicines used for Anemia?,"You should ask about the specific type of anemia, the mechanism of action of the medicines, the expected outcomes, and any potential side effects [3].",MedlinePlus Anemia,,,,False
Q396,en,What kinds of physical activity should I ask about if I have Obesity?,"You should ask your provider about how much physical activity you can do, as physical activity can strengthen the muscles that help you breathe and improve your overall wellness [5]. For obesity, the focus would be on adopting healthy nutrition, exercise, and lifestyle changes to lose weight safely and keep it off long term [3].",MedlinePlus Obesity,,,,False
Q391,en,What should I ask about the purpose of medicines used for Obesity?,"You should ask about the specific goals of the weight-loss medicines, such as how they help in reducing weight, if they address specific health conditions related to obesity, and how they fit into your overall treatment plan [2].",MedlinePlus Obesity,,,,False
Q237,en,What complications or related health problems should I ask a clinician about for Chronic kidney disease?,"For chronic kidney disease, you should ask a clinician about complications such as diabetes, high blood pressure, heart disease, and a family history of kidney failure, as these are key risk factors and related health problems [1][2].",NIDDK Chronic kidney disease,,,,False
Q191,en,What should I ask about the purpose of medicines used for Sleep apnea?,"You should ask about the specific purpose of the medicines, such as whether they are meant to treat symptoms, manage complications, or address underlying conditions related to sleep apnea [1][2]. Additionally, inquire if there are any medicines that can help with associated conditions like hypertension or obesity, which are often linked with sleep apnea [4].",MedlinePlus Sleep apnea,,,,False
Q423,en,Can symptoms linked to Underactive thyroid (hypothyroidism) come and go or change over time?,"Symptoms of an underactive thyroid may develop slowly and get worse over time, but the sources do not specify if they can come and go [1].",NHS Underactive thyroid,,,,False
Q099,en,"Could my age, family history, pregnancy, or another health condition affect care for COPD (chronic obstructive pulmonary disease)?","Age and family history can affect care for COPD. People usually develop symptoms at least by age 40 [1]. A family history of COPD can increase the risk of developing the disease [1]. However, pregnancy and other health conditions are not specifically mentioned as factors that directly affect COPD care in the provided sources.",MedlinePlus COPD,,,,False
Q447,en,Which tests or examinations may be used to assess Back pain?,"Tests or examinations that may be used to assess back pain include X-rays, ultrasound scans, and taking a sample of fluid from a joint [1]. However, often back pain improves on its own and does not require specific tests [2].",NHS Back pain,,,,False
Q036,en,What kinds of physical activity should I ask about if I have Asthma?,"If you have asthma, you should ask your provider about how much physical activity you can do. Physical activity can strengthen the muscles that help you breathe and improve your overall wellness [2].",NHS Asthma; MedlinePlus Asthma,,,,False
Q096,en,What kinds of physical activity should I ask about if I have COPD (chronic obstructive pulmonary disease)?,You should ask your provider about how much physical activity you can do. Physical activity can strengthen the muscles that help you breathe and improve your overall wellness [1][2].,MedlinePlus COPD,,,,True
Q044,en,What factors can increase a person's chance of developing High blood pressure?,"Unhealthy diet, physical inactivity, tobacco use, harmful use of alcohol, and air pollution are behavioral and environmental risk factors that can increase a person's chance of developing high blood pressure [1]. Additionally, underlying determinants such as globalization, urbanization, population aging, and poverty also contribute to the risk [1].",MedlinePlus High blood pressure,,,,True
Q184,en,What factors can increase a person's chance of developing Sleep apnea?,"You are more at risk for sleep apnea if you are overweight, male, or have a family history or small airways. Children with enlarged tonsils or adenoids may also get it [2].",MedlinePlus Sleep apnea,,,,True
Q084,en,What factors can increase a person's chance of developing COPD (chronic obstructive pulmonary disease)?,"Factors that increase a person's chance of developing COPD include smoking, long-term exposure to lung irritants like secondhand smoke, air pollution, and chemical fumes, age (most symptoms begin at least by age 40), genetics such as alpha-1 antitrypsin deficiency, and having asthma [1][2].",MedlinePlus COPD,,,,True
Q462,en,What symptoms are commonly linked to Hay fever (seasonal allergies)?,"Sneezing, often with a runny or clogged nose, itching eyes, nose and throat, and dark circles under the eyes are commonly linked to hay fever [1].",MedlinePlus Hay fever,,,,True
Q429,en,What treatment options might a clinician discuss for Underactive thyroid (hypothyroidism)?,The treatment for an underactive thyroid typically involves taking levothyroxine tablets to replace the thyroid hormone that your body cannot produce. You'll usually need to take them for the rest of your life to prevent your symptoms from returning [2]. Regular blood tests are necessary to check that you're on the right dose of levothyroxine [2].,NHS Underactive thyroid,,,,True
Q443,en,Can symptoms linked to Back pain come and go or change over time?,"Back pain can sometimes last longer or keep coming back, indicating that symptoms can indeed come and go or change over time [1].",NHS Back pain,,,,True
Q291,en,What should I ask about the purpose of medicines used for Atopic eczema?,"You should ask about the purpose of moisturising creams, lotions, ointments, and gels (emollients) and steroid creams, lotions, or gels (topical corticosteroids) used to manage and improve symptoms of atopic eczema [2].",NHS Atopic eczema,,,,True
Q150,en,What information helps a clinician choose a treatment plan for Depression?,"A clinician should consider the possible adverse effects associated with antidepressant medicines, the ability to deliver either intervention (in terms of expertise and treatment availability), and individual preferences [1]. Psychological treatments are the first treatments for depression and can be combined with antidepressant medicines in moderate and severe depression [1]. Antidepressant medicines are not needed for mild depression [1].",WHO Depression,,,,True
Q067,en,Which tests or examinations may be used to assess Coronary artery disease?,"To assess Coronary artery disease, the following tests or examinations may be used: review of personal and family health history, evaluation of risk factors and lifestyle habits, physical exam including blood pressure check, and blood tests to check cholesterol and blood glucose levels [1].",MedlinePlus Coronary artery disease; WHO Coronary artery disease,,,,True
Q456,en,What kinds of physical activity should I ask about if I have Back pain?,"You can ask about activities like walking, swimming, yoga, and pilates, which may help ease back pain [1]. Additionally, you can inquire about group exercise sessions and physiotherapy manual therapy, where a trained therapist massages and moves the muscles, bones, and joints in your back [1].",NHS Back pain,,,,True
Q022,en,What symptoms are commonly linked to Asthma?,"The symptoms of asthma commonly include coughing, especially at night or early morning, and wheezing, which causes a whistling sound when you breathe out [1][2]. These symptoms can range from mild to severe and may be worse at night and early in the morning [2].",NHS Asthma; MedlinePlus Asthma,,,,True
Q381,en,What is Obesity in simple terms?,"Obesity is a disease characterized by having too much body fat, which means your weight is greater than what's considered healthy for your height [1]. An adult with a Body Mass Index (BMI) of 30 or more is considered to have obesity [1].",MedlinePlus Obesity,,,,True
Q418,en,How often might a clinician recommend follow-up or monitoring for High cholesterol?,"For people who are age 19 or younger, the first test should be between ages 9 to 11 and then every 5 years. For people who are ages 20 to 65, younger adults should have the test every 5 years, while men ages 45 to 65 and women ages 55 to 65 should have it every 1 to 2 years. For people over age 65, they should be tested every year [1].",MedlinePlus High cholesterol,,,,True
Q002,en,What symptoms are commonly linked to Type 2 diabetes?,"Symptoms of type 2 diabetes can be mild and may take several years to be noticed. They might include needing to urinate more often than usual, numbness or tingling in the feet or hands, and sores that do not heal [1][3].",MedlinePlus Type 2 diabetes; WHO Type 2 diabetes,,,,True
Q427,en,Which tests or examinations may be used to assess Underactive thyroid (hypothyroidism)?,"To assess underactive thyroid (hypothyroidism), a GP may examine your neck to check if your thyroid gland is swollen. Blood tests to check levels of thyroid-stimulating hormone (TSH) and thyroxine (T4) are also conducted. In some cases, the GP may refer you to a specialist for further tests [1][2].",NHS Underactive thyroid,,,,True
Q197,en,What complications or related health problems should I ask a clinician about for Sleep apnea?,"People with sleep apnea are at higher risk for car crashes, work-related accidents, and other medical problems [1][2]. It is important to discuss these risks with a clinician, as well as the potential for heart disease and other complications associated with obstructive sleep apnea [2].",MedlinePlus Sleep apnea,,,,True
Q164,en,What factors can increase a person's chance of developing Anxiety disorders?,"Certain personality traits, such as being shy or withdrawn in new situations, traumatic events in early childhood or adulthood, family history of anxiety or other mental disorders, and some physical health conditions like thyroid problems or arrhythmia can increase a person's chance of developing anxiety disorders [1].",MedlinePlus Anxiety disorders; NIMH Anxiety disorders,,,,True
Q075,en,"What questions about food, drink, or lifestyle should I discuss with my clinician about Coronary artery disease?","You should discuss with your clinician if you eat a diet high in saturated fat, if you smoke or use tobacco products, if you are overweight or have obesity, and if you have high blood pressure, high cholesterol, or high blood glucose (diabetes) [4]. Additionally, you should talk about being physically active, maintaining a healthy weight, not smoking, and avoiding secondhand smoke as these can help prevent or manage coronary artery disease [1][2].",MedlinePlus Coronary artery disease; WHO Coronary artery disease,,,,True
Q244,en,What factors can increase a person's chance of developing Urinary tract infection (UTI)?,"Factors that can increase the risk of developing a urinary tract infection (UTI) include wiping your bottom from back to front after going to the toilet, conditions that block the urinary tract such as kidney stones, conditions that make it difficult to fully empty the bladder like an enlarged prostate in men or constipation in children, the use of urinary catheters, and having a weakened immune system [1].",NHS Urinary tract infection,,,,True
Q023,en,Can symptoms linked to Asthma come and go or change over time?,"Yes, asthma symptoms can come and go and may change over time [1][2][4].",NHS Asthma; MedlinePlus Asthma,,,,True
Q019,en,"Could my age, family history, pregnancy, or another health condition affect care for Type 2 diabetes?","Yes, your age, family history, pregnancy, or other health conditions can affect care for Type 2 diabetes. If you are over age 45, have a family history of diabetes, had diabetes in pregnancy, or have other conditions like high blood pressure or heart disease, you are at higher risk for developing Type 2 diabetes [1][2]. These factors may influence the management and prevention strategies recommended by your healthcare provider.",MedlinePlus Type 2 diabetes; WHO Type 2 diabetes,,,,True
Q010,en,What information helps a clinician choose a treatment plan for Type 2 diabetes?,"A clinician chooses a treatment plan for Type 2 diabetes based on managing blood glucose levels, which can be achieved through a healthy lifestyle including a healthy eating plan and regular physical activity. Some patients may also need to take medicines such as oral medicines, insulin, SGLT-2 inhibitors, and other injectable medicines [1][2].",MedlinePlus Type 2 diabetes; WHO Type 2 diabetes,,,,True
Q249,en,What treatment options might a clinician discuss for Urinary tract infection (UTI)?,"For a urinary tract infection (UTI), a clinician might discuss the following treatment options: offering self-care advice and recommending taking a painkiller, prescribing a short course of antibiotics, or asking to wait for 48 hours before getting antibiotics if symptoms might resolve on their own [1]. For recurrent UTIs, they may prescribe a different antibiotic, a low-dose antibiotic for up to 6 months, vaginal estrogen treatments for postmenopausal women, tablets that treat and prevent infection recurrence, or refer to a specialist for further tests and treatments [1].",NHS Urinary tract infection,,,,True
Q200,en,What are useful questions to take to my next appointment about Sleep apnea?,"Useful questions to ask at your next appointment about sleep apnea include:
- How severe is my sleep apnea based on my sleep study results?
- What lifestyle changes can I make to improve my condition?
- Are there specific mouthpieces or breathing devices that would be beneficial for me?
- What are the risks and benefits of surgery for sleep apnea?
- How can I monitor my sleep apnea at home?
- What should I do if I experience daytime drowsiness or other symptoms despite treatment? [1][3]",MedlinePlus Sleep apnea,,,,True
Q004,en,What factors can increase a person's chance of developing Type 2 diabetes?,"Factors that can increase a person's chance of developing Type 2 diabetes include being overweight or having obesity, having a family history of diabetes, being over age 45, having prediabetes, having had diabetes in pregnancy or giving birth to a baby weighing 9 pounds or more, and belonging to certain racial or ethnic groups such as Black or African American, Hispanic/Latino, American Indian, Asian American, or Pacific Islander [3][4].",MedlinePlus Type 2 diabetes; WHO Type 2 diabetes,,,,True
Q442,en,What symptoms are commonly linked to Back pain?,"Common symptoms linked to back pain include pain that improves on its own within a few weeks, pain from injuries like pulled muscles, and pain from medical conditions like a slipped disc or sciatica [1]. Back pain can also be severe, start suddenly, or worsen quickly, which may require urgent medical attention [2].",NHS Back pain,,,,True
Q422,en,What symptoms are commonly linked to Underactive thyroid (hypothyroidism)?,"Symptoms of an underactive thyroid may include feeling cold more than usual, difficulty concentrating or thinking clearly, dry skin, dry hair or hair loss, and irregular or heavy periods [1]. These symptoms can develop slowly and worsen over time [1].",NHS Underactive thyroid,,,,True
Q137,en,What complications or related health problems should I ask a clinician about for Migraine?,"You should ask a clinician about depression, anxiety, bipolar disorder, sleep disorders, and epilepsy as these conditions are commonly associated with migraines [2][3].",MedlinePlus Migraine,,,,True
Q262,en,What symptoms are commonly linked to Anemia?,"Anemia can cause you to feel tired, cold, dizzy, and irritable. You may also experience shortness of breath or headaches [1][2].",MedlinePlus Anemia,,,,True
Q079,en,"Could my age, family history, pregnancy, or another health condition affect care for Coronary artery disease?","Age, family history, and other health conditions can affect the care for coronary artery disease. For instance, being older or having a family history of heart disease, especially in a parent or sibling who had it before age 50, increases the likelihood of developing CAD [2]. Pregnancy is not directly mentioned in the sources provided, but other health conditions like high blood pressure, high cholesterol, or diabetes can influence the management and treatment of CAD [1][2].",MedlinePlus Coronary artery disease; WHO Coronary artery disease,,,,True
Q151,en,What should I ask about the purpose of medicines used for Depression?,"You should ask about the types of antidepressant medicines, their specific purposes, and potential side effects. Also, inquire if antidepressants are necessary for your level of depression, as they are not needed for mild cases [1]. Additionally, ask about the interaction between antidepressants and other treatments like psychological therapies [1].",WHO Depression,,,,True
Q280,en,What are useful questions to take to my next appointment about Anemia?,"Useful questions to ask at your next appointment about anemia could include:
- What type of anemia do I have?
- What are the possible causes of my anemia?
- What tests will be done to diagnose my anemia?
- What treatment options are available for my type of anemia?
- How can I prevent anemia from recurring?
- What changes in diet or lifestyle might help manage my anemia? [1][3]",MedlinePlus Anemia,,,,True
Q011,en,What should I ask about the purpose of medicines used for Type 2 diabetes?,"You should ask about the specific purposes of the medicines used for Type 2 diabetes, such as whether they are aimed at lowering blood sugar levels, managing blood pressure, or reducing cholesterol. Additionally, inquire if the medicines are oral, insulin, or other injectable types [2][3].",MedlinePlus Type 2 diabetes; WHO Type 2 diabetes,,,,True
Q194,en,"How could Sleep apnea affect my sleep, work, study, or everyday activities?","Sleep apnea can interrupt your sleep throughout the night, leading to daytime drowsiness which increases the risk of car crashes, work-related accidents, and can impair your ability to study or perform daily activities effectively [1][2].",MedlinePlus Sleep apnea,,,,True
Q105,fa,آیا محرک‌ها یا موقعیت‌هایی وجود دارد که ممکن است علائم آرتریت (التهاب مفصل) را بدتر کند؟,بله، علائم آرتریت می‌تواند در طی فلرآپ‌هایی که در آن زمان علائم شما به شدت می‌افزایند، بدتر شود [1][2]. همچنین، شرایطی مانند دارا بودن درد شدید و تورم در تنها یک مفصل که به طور سریع شروع شده، یا داشتن درد مفصل با دمای بالا یا پایین یا احساس سرد یا سردگی، نیاز به کمک پزشکی اورژانسی دارند [2].,NHS Arthritis,,,,False
Q460,fa,برای ویزیت بعدی‌ام درباره کمردرد چه پرسش‌هایی آماده کنم؟,"برای ویزیت بعدی درباره کمردرد، می‌توانید پرسش‌های زیر را آماده کنید:
- چه تغییراتی در میزان درد پس از انجام تمرینات پیشنهادی مشاهده کرده‌ام؟
- آیا ترکیبی از درمان‌های مختلف مانند تمرین، درمان دستی و یا CBT برای کاهش درد مفید است؟
- آیا نیاز به داروهای ضد درد وجود دارد و اگر بله، چه نوع داروها پیشنهاد می‌شوند؟ [3]",NHS Back pain,,,,False
Q051,fa,درباره هدف داروهایی که برای فشار خون بالا استفاده می‌شوند، چه پرسش‌هایی از پزشکم بپرسم؟,شما می‌توانید از پزشک خود بپرسید که هدف از داروهای فشار خون بالا کاهش فشار خون به چه میزان است، چه نوع جانبازی‌ها یا اثرات جانبی قابل انتظاری دارند، و چگونه می‌توانند با دیگر داروهایی که شما مصرف می‌کنید مداخله کنند [1][2].,MedlinePlus High blood pressure,,,,False
Q181,fa,آپنه خواب به زبان ساده چیست؟,آپنه خواب یک اختلال مرسی است که در آن تنفس شما متوقف می‌شود یا بسیار سبک می‌شود. این متوقفی‌های تنفسی می‌توانند از چند ثانیه تا چند دقیقه طول بکشند و 30 بار یا بیشتر در هر ساعت رخ دهند [1].,MedlinePlus Sleep apnea,,,,False
Q092,fa,اگر برای بیماری انسدادی مزمن ریه (COPD) درمان دارویی دریافت کنم، درباره چه عوارض یا تداخل‌هایی باید سؤال کنم؟,اگر درمان دارویی برای COPD دریافت می‌کنید، باید در مورد عوارض جانبی داروها و تداخلات ممکن با داروهای دیگری که مصرف می‌کنید سؤال کنید [1].,MedlinePlus COPD,,,,False
Q431,fa,درباره هدف داروهایی که برای کم‌کاری تیروئید استفاده می‌شوند، چه پرسش‌هایی از پزشکم بپرسم؟,"شما می‌توانید از پزشک خود پرسش‌های زیر را بپرسید:
- دوز دارو (لیوتهروکسین) چقدر است و چه زمانی باید بپذیرم؟
- چه عوارض جانبی‌ای ممکن است داشته باشم و چگونه می‌توانم آن‌ها را مدیریت کنم؟
- چه زمانی باید آزمون خون برای بررسی دوز دارو را تکرار کنم؟ [3]",NHS Underactive thyroid,,,,False
Q394,fa,چاقی ممکن است چه اثری بر خواب، کار، تحصیل یا فعالیت‌های روزمره‌ام بگذارد؟,چاقی می‌تواند بر خواب (مانند اپنه خواب)، کار، تحصیل و فعالیت‌های روزمره تأثیر منفی بگذارد، زیرا بدن بزرگ‌تر عملکرد قلب را سخت‌تر می‌کند و فشار اضافه‌ای بر مفصل‌ها می‌آورد [2].,MedlinePlus Obesity,,,,False
Q411,fa,درباره هدف داروهایی که برای کلسترول بالا استفاده می‌شوند، چه پرسش‌هایی از پزشکم بپرسم؟,شما می‌توانید از پزشک خود بپرسید که این داروها چگونه کار می‌کنند، آیا دارایی جنبه‌های جانبی هستند، چگونه می‌توانند با دیگر داروهایی که شما مصرف می‌کنید مداخله کنند، و چه ترکیبی از تغییر سبک زندگی و داروها برای شما بهتر است [4].,MedlinePlus High cholesterol,,,,False
Q260,fa,برای ویزیت بعدی‌ام درباره عفونت دستگاه ادراری چه پرسش‌هایی آماده کنم؟,"برای ویزیت بعدی درباره عفونت دستگاه ادراری، می‌توانید پرسش‌های زیر را آماده کنید:
- آیا نیاز به آزمایش ادرار دارم؟ [2]
- چه نوع داروهای ضدباکتری برای من مناسب است؟ [2]
- چه کاری می‌توانم برای پیشگیری از عفونت مجدد انجام دهم؟ [3]
- در صورت تکرار عفونت، چه گزینه‌های درمانی دیگری وجود دارد؟ [2]",NHS Urinary tract infection,,,,False
Q168,fa,اگر نتیجه آزمایشی درباره اختلالات اضطرابی برایم روشن نباشد، چطور از پزشکم بخواهم آن را توضیح دهد؟,شما می‌توانید از پزشک خود بخواهید جزئیات بیشتری درباره نتایج آزمایش‌ها بگوید، مانند آنچه که آزمایش‌ها نشان داده‌اند و چرا آنها برای تشخیص اختلالات اضطرابی کافی نیستند. همچنین می‌توانید درخواست کنید که یک ارزیابی روانشناختی انجام شود یا به یک متخصص روانی مراجعه کنید [1].,MedlinePlus Anxiety disorders; NIMH Anxiety disorders,,,,False
Q068,fa,اگر نتیجه آزمایشی درباره بیماری عروق کرونر برایم روشن نباشد، چطور از پزشکم بخواهم آن را توضیح دهد؟,اگر نتیجه آزمایشی درباره بیماری عروق کرونر برای شما روشن نباشد، باید از پزشک خود بخواهید توضیح دهد که آیا بررسی تاریخچه سلامتی شخصی و خانوادگی شما، بررسی عوامل ریسک و عادات زندگی، بررسی فیزیکی شامل چک کردن فشار خون و آزمایش‌های خونی مانند چک کردن کلسترول و قند خون می‌تواند به تشخیص بیماری کمک کند [1].,MedlinePlus Coronary artery disease; WHO Coronary artery disease,,,,False
Q420,fa,برای ویزیت بعدی‌ام درباره کلسترول بالا چه پرسش‌هایی آماده کنم؟,"برای ویزیت بعدی درباره کلسترول بالا، می‌توانید پرسش‌های زیر را آماده کنید:
- نتایج آزمون خون من چه هستند و چه تفاوتی با نتایج قبلی دارند؟ [1]
- چه تغییرات در رژیم غذایی و فعالیت فیزیکی پیشنهاد می‌کنید؟ [2]
- آیا نیاز به دارمان با داروهای کاهش‌دهنده کلسترول دارم؟ [2]",MedlinePlus High cholesterol,,,,False
Q031,fa,درباره هدف داروهایی که برای آسم استفاده می‌شوند، چه پرسش‌هایی از پزشکم بپرسم؟,شما می‌توانید از پزشک خود پرسید که داروهای آسم برای کاهش علائم یا پیشگیری از آنها استفاده می‌شوند. همچنین می‌توانید بپرسید که چگونه می‌توانند عوارض جانبی را کاهش دهند و چگونه از تشدید علائم جلوگیری کنید [3].,NHS Asthma; MedlinePlus Asthma,,,,False
Q271,fa,درباره هدف داروهایی که برای کم‌خونی استفاده می‌شوند، چه پرسش‌هایی از پزشکم بپرسم؟,شما می‌توانید از پزشک خود بپرسید که داروهای مورد استفاده برای کم‌خونی چه هدفی دارند، چگونه می‌توانند بهبود علائم شما را برسانند، و چه نوع جانبازی‌هایی ممکن است داشته باشند [2][3].,MedlinePlus Anemia,,,,False
Q300,fa,برای ویزیت بعدی‌ام درباره اگزمای آتوپیک چه پرسش‌هایی آماده کنم؟,"برای ویزیت بعدی درباره اگزمای آتوپیک، می‌توانید پرسش‌های زیر را آماده کنید:
- چه چیزهایی می‌توانند علائم اگزما را بدتر کنند و چگونه می‌توانم از آنها دور بمانم؟ [4]
- چه نوع مراقبت‌های خانگی می‌تواند به بهبود علائم اگزما کمک کند؟ [4]
- در صورتی که درمان‌های فعلی موثر نیستند، چه گزینه‌های درمانی دیگری وجود دارد؟ [2]
- آیا نیاز به مراجعه به متخصص پوست (دروازنامه) وجود دارد؟ [2]",NHS Atopic eczema,,,,False
Q055,fa,درباره تغذیه، نوشیدنی‌ها یا سبک زندگی در ارتباط با فشار خون بالا چه چیزهایی را با پزشکم مطرح کنم؟,شما می‌توانید با پزشک خود در مورد تغذیه قلب سالم، مانند دیت داش، ورزش، و کاهش مصرف نatrium صحبت کنید. این تغییرات سبک زندگی می‌توانند برای کاهش فشار خون موثر باشند [1]. همچنین، در مورد مصرف داروها و چگونگی ترک داروهایی که می‌توانند فشار خون را افزایش دهند، نیز صحبت کنید [1].,MedlinePlus High blood pressure,,,,True
Q254,fa,عفونت دستگاه ادراری ممکن است چه اثری بر خواب، کار، تحصیل یا فعالیت‌های روزمره‌ام بگذارد؟,عفونت دستگاه ادراری می‌تواند باعث شود که شما احساس تب، درد در بخش پایین بطن یا در پشت کمر، و نیاز زیاد به ریزش شوید. این علائم می‌توانند به خواب، کار، تحصیل یا فعالیت‌های روزمره شما اثر بگذارند [2]. در مواردی، عفونت دستگاه ادراری مزمن می‌تواند بر کیفیت زندگی شما تأثیر بگذارد [3].,NHS Urinary tract infection,,,,True
Q467,fa,برای ارزیابی تب یونجه (آلرژی فصلی) چه آزمایش‌ها یا معاینه‌هایی ممکن است انجام شود؟,برای ارزیابی تب یونجه (آلرژی فصلی)، پزشک ممکن است بر اساس بررسی فیزیکی و علائم شما دیагnosis را انجام دهد. در برخی موارد، آزمایش‌های پوستی یا خونی نیز می‌تواند استفاده شود [1].,MedlinePlus Hay fever,,,,True
Q440,fa,برای ویزیت بعدی‌ام درباره کم‌کاری تیروئید چه پرسش‌هایی آماده کنم؟,"برای ویزیت بعدی درباره کم‌کاری تیروئید، می‌توانید پرسش‌های زیر را آماده کنید:
- آیا دوز داروی لیوتویروکسین مناسب است یا نیاز به تغییر دارد؟ [3]
- چه علائمی نشان‌دهنده جریان صحیح درمان است و چه زمانی باید دکتر را مطلع کنم؟ [3]
- آیا هیپوتیروئیدیسم می‌تواند بر بارداری و زایمان تأثیر بگذارد؟ [2][4]
- چه چیزهایی را باید در دیتام مراقب داشته باشم؟ [4]
- چه گونه می‌توانم از حیات روزمره خود بهتر لذت ببرم در حین درمان؟ [3]",NHS Underactive thyroid,,,,True
Q424,fa,چه عواملی ممکن است احتمال ابتلا به کم‌کاری تیروئید را بیشتر کند؟,عواملی که احتمال ابتلا به کم‌کاری تیروئید را بیشتر می‌کند عبارتند از: داشتن یکی از بیماری‌های دیگر تیروئید مانند تیروئیدیت، جراحی یا درمان رادیوتراپی در ناحیه گردن یا تیروئید، درمان برای تیروئید فعال، و کمبود آیودین در دیت. همچنین، اگر افراد دیگر در خانواده شما دچار بیماری تیروئید بوده‌اند، شما نیز ممکن است در خطر بالاتری باشید [3].,NHS Underactive thyroid,,,,True
Q024,fa,چه عواملی ممکن است احتمال ابتلا به آسم را بیشتر کند؟,"عواملی که احتمال ابتلا به آسم را بیشتر می‌کند عبارتند از: exposured to secondhand smoke during mother's pregnancy or early childhood, exposure to certain workplace substances like chemical irritants or industrial dusts, تاریخچه خانوادگی، راس یا گروه قومی (آفریقایی‌آمریکان‌ها و پورتو ریکن‌ها در معرض خطر بیشتری قرار دارند)، بیماری‌های دیگر یا شرایطی مانند چاقی و حساسيت‌ها، و ابتلا به عفونت‌های واکنشی ریوی زیاد در دوران کودکی [1][3].",NHS Asthma; MedlinePlus Asthma,,,,True
Q109,fa,پزشک ممکن است برای درمان آرتریت (التهاب مفصل) چه گزینه‌هایی را مطرح کند؟,پزشک ممکن است گزینه‌هایی مانند فیزیوتراپی برای بهبود قدرت و حرکت، درمان شغلی برای کمک در کارهای روزمره، داروهایی برای کاهش علائم مانند درد، تورم و تندی، تجهیزات کمکی برای فعالیت‌های روزمره، درمان‌های تکمیلی مانند اسکنالیپتی، تکنیک الکساندر و تی‌ان‌اس، و در صورت شدید بودن علائم و نبود موثر بودن درمان‌های دیگر، جراحی را مطرح کند [1].,NHS Arthritis,,,,True
Q047,fa,برای ارزیابی فشار خون بالا چه آزمایش‌ها یا معاینه‌هایی ممکن است انجام شود؟,برای ارزیابی فشار خون بالا، پزشک از یک شاخص، استثواسکوپ یا سنسور الکترونیکی و یک کUFF فشار خون استفاده می‌کند. او دو یا چند خواندنی در نوبت‌های مجزا قبل از دیاگnosis انجام می‌دهد [1][2].,MedlinePlus High blood pressure,,,,True
Q222,fa,چه علائمی معمولاً با بیماری مزمن کلیه همراه است؟,بیماری مزمن کلیه معمولاً علائم واضح ندارد و تشخیص آن ممکن است فقط با آزمایش‌ها امکان‌پذیر باشد [1][4]. اگرچه برخی از افراد می‌توانند علائمی مانند خستگی یا اضطراب داشته باشند، اما این علائم معمولاً پس از آسیب شدید به کلیه‌ها ظاهر می‌شوند [1].,NIDDK Chronic kidney disease,,,,True
Q423,fa,آیا علائم مرتبط با کم‌کاری تیروئید ممکن است گاهی ظاهر شوند یا با گذشت زمان تغییر کنند؟,بله، علائم کم‌کاری تیروئید می‌توانند ابتدا خفیف باشند و یا مشخص نباشند و با گذشت زمان شدید‌تر شوند [1].,NHS Underactive thyroid,,,,True
Q197,fa,درباره چه عوارض یا مشکلات مرتبطی باید از پزشک در مورد آپنه خواب سؤال کنم؟,باید در مورد ریسک افزایشی حوادث رانندگی، حوادث مرتبط با کار و مشکلات پزشکی دیگر از پزشک سؤال کنید [2]. همچنین می‌توانید در مورد تغییرات سبک زندگی، لوازم مунی.jupiterbroadcasting.com، جراحی و دستگاه‌های تنفسی که می‌توانند آپنه خواب را در بسیاری از افراد درمان کنند، سؤال بپرسید [2].,MedlinePlus Sleep apnea,,,,True
Q205,fa,آیا محرک‌ها یا موقعیت‌هایی وجود دارد که ممکن است علائم بیماری رفلاکس معده به مری (GERD) را بدتر کند؟,بله، مواد محرکی وجود دارد که می‌توانند علائم GERD را بدتر کنند، از جمله غذاهای مشکل برای برخی افراد مانند غذاهای تند، شکلات، کافئین یا غذاهای ریز مغزی هستند [1][2][3].,MedlinePlus GERD,,,,True
Q290,fa,پزشک برای انتخاب برنامه درمانی اگزمای آتوپیک چه اطلاعاتی را در نظر می‌گیرد؟,پزشک برای انتخاب برنامه درمانی اگزمای آتوپیک، وضعیت شدید بودن اگزما را در نظر می‌گیرد و ممکن است درمان‌های مختلفی را پیشنهاد کند، از جمله پمادهای استروئیدی و پمادهای مرطوب کننده. در موارد شدیدتر، ممکن است به تخصص‌دهنده پوست مراجعه شود [1].,NHS Atopic eczema,,,,True
Q161,fa,اختلالات اضطرابی به زبان ساده چیست؟,اختلالات اضطرابی حالت‌هایی هستند که در آن‌ها اضطراب شما پایان نیافته و می‌تواند با مرور زمان شدیدتر شود. این اضطراب می‌تواند به کارکرد روزمره شما مانند کار، تحصیل یا روابط شما افسردگی کند [1][2].,MedlinePlus Anxiety disorders; NIMH Anxiety disorders,,,,True
Q432,fa,اگر برای کم‌کاری تیروئید درمان دارویی دریافت کنم، درباره چه عوارض یا تداخل‌هایی باید سؤال کنم؟,اگر درمان دارویی برای کم‌کاری تیروئید دریافت کنید، باید در مورد عوارضی مانند احساس یا شکستگی، دیارئhea، سردرد یا مشکلات خواب سؤال کنید [1]. همچنین، مهم است که با پزشک یا داروساز در مورد تداخلات ممکن با دیگر داروهایی که مصرف می‌کنید صحبت کنید.,NHS Underactive thyroid,,,,True
Q086,fa,پزشکان معمولاً چگونه تشخیص می‌دهند که فرد به بیماری انسدادی مزمن ریه (COPD) مبتلاست؟,پزشکان برای تشخیص COPD معمولاً تاریخچه پزشکی فرد، تاریخچه خانوادگی، و تعرض به دود سیگار یا آگشتهای دیگر ریه را می‌پرسند. همچنین آزمایش‌های مختلفی مانند آزمایش‌های تاب‌آوری ریه، آزمایش تصویربرداری سینه یا CT و آزمایش‌های خونی را порاژند [1].,MedlinePlus COPD,,,,True
Q038,fa,پزشک ممکن است برای پیگیری یا پایش آسم هر چند وقت یک‌بار مراجعه را پیشنهاد کند؟,پزشک ممکن است برای پیگیری یا پایش آسم حداقل یک بار در سال مراجعه را پیشنهاد کند [2].,NHS Asthma; MedlinePlus Asthma,,,,True
Q215,fa,درباره تغذیه، نوشیدنی‌ها یا سبک زندگی در ارتباط با بیماری رفلاکس معده به مری (GERD) چه چیزهایی را با پزشکم مطرح کنم؟,باید با پزشک خود در مورد تغذیه و سبک زندگی صحبت کنید، زیرا برخی غذاها، نوشیدنی‌ها یا داروها می‌توانند GERD را بدتر کنند [3]. پیشنهاد می‌شود از غذاهای محرک مانند غذاهای تیغه‌دار، شکلات، کافئین یا غذاهای ریز مغزی پرهیجان خودداری کنید [2]. همچنین، نوشیدن الکل و خوردن نزدیک به زمان خواب و خواب کردن روی سمت راست یا بلند کردن سر تخت خواب می‌تواند در بهبود علائم کمک کند [2].,MedlinePlus GERD,,,,True
Q009,fa,پزشک ممکن است برای درمان دیابت نوع ۲ چه گزینه‌هایی را مطرح کند؟,پزشک ممکن است برای درمان دیابت نوع ۲ گزینه‌هایی مانند طرز زندگی سالم، داروهای خوراکی، İnsülin، و داروهای Injectable مطرح کند [1][2].,MedlinePlus Type 2 diabetes; WHO Type 2 diabetes,,,,True
Q163,fa,آیا علائم مرتبط با اختلالات اضطرابی ممکن است گاهی ظاهر شوند یا با گذشت زمان تغییر کنند؟,بله، علائم اختلالات اضطرابی می‌توانند با گذشت زمان شدیدتر شوند و در طول زمان تغییر کنند [2][3]. علائم اضطراب می‌توانند در مواقع مختلف و در بیشتر موقعیت‌ها حضور داشته باشند و در موارد شدید، فرد ممکن است در موقعیت‌های معمولی فراوان ترس شدید بیاندازد، از ملاقات‌های اجتماعی اجتناب کند یا حتی خانه‌اش را ترک نکند [5].,MedlinePlus Anxiety disorders; NIMH Anxiety disorders,,,,True
Q187,fa,برای ارزیابی آپنه خواب چه آزمایش‌ها یا معاینه‌هایی ممکن است انجام شود؟,برای ارزیابی آپنه خواب، معاینات پزشکی، تاریخچه پزشکی و خانوادگی، و نتایج مطالعه خواب انجام می‌شود [1][3].,MedlinePlus Sleep apnea,,,,True
Q269,fa,پزشک ممکن است برای درمان کم‌خونی چه گزینه‌هایی را مطرح کند؟,پزشک ممکن است برای درمان کم‌خونی گزینه‌های مختلفی را مطرح کند، که بستگی به نوع کم‌خونی دارد [2].,MedlinePlus Anemia,,,,True
Q486,fa,پزشکان معمولاً چگونه تشخیص می‌دهند که فرد به پوکی استخوان مبتلاست؟,پزشکان معمولاً در طی بررسی‌های روتین برای تشخیص پوکی استخوان، از تاریخچه پزشکی فرد، بررسی فیزیکی، اسکن چگالی استخوان و ارزیابی ریسک شکست استخوان استفاده می‌کنند [1][2].,MedlinePlus Osteoporosis,,,,True
Q426,fa,پزشکان معمولاً چگونه تشخیص می‌دهند که فرد به کم‌کاری تیروئید مبتلاست؟,پزشکان معمولاً برای تشخیص کم‌کاری تیروئید، ابتدا علائم و نشانه‌های بیمار را می‌پرسند و ممکن است از آنها بخواهند که وضعیت خانوادگی و تاریخچه بیماری‌های خودیمیون یا خودایماندی را بگویند. سپس ممکن است پزشک گردن بیمار را برای بررسی افزایش حجم غده تیروئید بررسی کند و آزمایش خون برای بررسی میزان هورمون تیروئید و تیروکسین را انجام دهد [1][2].,NHS Underactive thyroid,,,,True
Q001,fa,دیابت نوع ۲ به زبان ساده چیست؟,دیابت نوع ۲ یک بیماری است که در آن سطح قند خون شما بسیار بالا است. این اتفاق می‌افتد زیرا بدن شما انزیمی به نام İnsülin را به درستی تولید نمی‌کند یا به درستی از آن استفاده نمی‌کند [1][2].,MedlinePlus Type 2 diabetes; WHO Type 2 diabetes,,,,True
Q397,fa,درباره چه عوارض یا مشکلات مرتبطی باید از پزشک در مورد چاقی سؤال کنم؟,باید در مورد عوارض مختلفی که چاقی می‌تواند باعث شود سؤال کنید، مانند بیماری‌های قلبی، استرس بر روی مفصل‌ها و شرایط سلامت دیگر مرتبط با وزن. اگر چاقی دارید، حتی از ۵ تا ۱۰ درصد وزن خود را از دست دادن می‌تواند بیماری‌های مختلف را به تعویق افzetد یا جلوگیری کند [1].,MedlinePlus Obesity,,,,True
Q195,fa,درباره تغذیه، نوشیدنی‌ها یا سبک زندگی در ارتباط با آپنه خواب چه چیزهایی را با پزشکم مطرح کنم؟,شما می‌توانید با پزشک خود در مورد تغذیه، وزن و سبک زندگی صحبت کنید، زیرا بیش‌وزنی یکی از عوامل خطر آپنه خواب است [1][3]. همچنین، تغییرات سبک زندگی می‌تواند یکی از روش‌های درمان آپنه خواب باشد [2].,MedlinePlus Sleep apnea,,,,True
Q113,fa,اگر یک نوبت از داروی مربوط به آرتریت (التهاب مفصل) را فراموش کنم، برای راهنمایی با چه کسی تماس بگیرم؟,برای راهنمایی در مورد فراموش کردن یک نوبت دارو، با پزشک خود تماس بگیرید [1].,NHS Arthritis,,,,True
Q407,fa,برای ارزیابی کلسترول بالا چه آزمایش‌ها یا معاینه‌هایی ممکن است انجام شود؟,برای ارزیابی کلسترول بالا، آزمایش خون انجام می‌شود که می‌تواند سطوح کلسترول را اندازه‌گیری کند [1][2].,MedlinePlus High cholesterol,,,,True
Q096,fa,اگر بیماری انسدادی مزمن ریه (COPD) داشته باشم، درباره چه نوع فعالیت بدنی باید از پزشکم سؤال کنم؟,باید از پزشکم سؤال کنم که می‌توانم چه میزان فعالیت بدنی انجام دهم. فعالیت بدنی می‌تواند مусکل‌هایی که به تنفس کمک می‌کنند را قوی کرده و به بهبود سلامت کلی کمک کند [1][2].,MedlinePlus COPD,,,,True
Q264,fa,چه عواملی ممکن است احتمال ابتلا به کم‌خونی را بیشتر کند؟,عواملی که ممکن است احتمال ابتلا به کم‌خونی را بیشتر کند عبارتند از: پولپ‌های کولون یا سرطان کولون، یک دیت ناقص از آهن، فولیک اسید یا ویتامین B12، بیماری‌هایی مانند بیماری سیلیک خون یا تالاسمیا، یا سرطان، آپلاستیک آنمیا، یک شرط که می‌تواند ارثی یا اکتسابی باشد، و نقص G6PD [1].,MedlinePlus Anemia,,,,True
Q041,fa,فشار خون بالا به زبان ساده چیست؟,فشار خون بالا یعنی فشار خیلی زیاد خون در عروق که باعث می‌شود قلب بیشتر بیاید [1]. این حالت معمولاً بدون علائم شناسایی نمی‌شود و تنها روش یافتن آن چک کردن فشار خون توسط پزشک است [1].,MedlinePlus High blood pressure,,,,True
Q127,fa,برای ارزیابی میگرن چه آزمایش‌ها یا معاینه‌هایی ممکن است انجام شود؟,برای ارزیابی میگرن، پزشک ممکن است معاینات فیزیکی و عصبی انجام دهد. همچنین ممکن است آزمایش‌های خون، تومографی یا آزمایش‌های دیگری را انجام دهد تا شرایط پزشکی دیگری که می‌توانند علائم را ایجاد کنند را حذف کند [1].,MedlinePlus Migraine,,,,True
Q456,fa,اگر کمردرد داشته باشم، درباره چه نوع فعالیت بدنی باید از پزشکم سؤال کنم؟,اگر کمردرد دارید، باید از پزشک خود در مورد فعالیت‌های بدنی مانند سپرت‌پایل، یوگا و سوئیمینگ سؤال کنید زیرا این فعالیت‌ها می‌توانند در کاهش کمردرد کمک کنند [1][3].,NHS Back pain,,,,True
Q007,fa,برای ارزیابی دیابت نوع ۲ چه آزمایش‌ها یا معاینه‌هایی ممکن است انجام شود؟,برای ارزیابی دیابت نوع ۲، آزمایش‌های خونی مانند آزمایش A1C، آزمایش فasting plasma glucose (FPG) و آزمایش random plasma glucose (RPG) انجام می‌شود [1]. همچنین، برای درمان ممکن است نیاز به داروها مانند SGLT-2 inhibitors و داروهای کاهش فشار خون و استاتین‌ها برای کاهش خطر مشکلات جانبی باشد [2].,MedlinePlus Type 2 diabetes; WHO Type 2 diabetes,,,,True
