chunk_size,overlap,weight_dense,weight_bm25,rrf_k,n_chunks,dev_hit_rate,dev_mrr
250,50,2,1,60,7112,0.6133,0.4647
250,50,2,1,20,7112,0.6133,0.4647
250,50,2,1,100,7112,0.6133,0.4647
150,30,2,1,20,11891,0.6,0.4609
250,50,1,1,20,7112,0.6,0.4562
250,50,1,1,60,7112,0.6,0.4556
250,50,1,1,100,7112,0.6,0.4556
150,30,2,1,60,11891,0.6,0.4542
150,30,2,1,100,11891,0.6,0.4542
150,30,1,1,60,11891,0.6,0.4504
150,30,1,1,100,11891,0.6,0.4504
150,30,1,1,20,11891,0.6,0.4498
400,80,1,2,20,4448,0.56,0.4498
400,80,1,2,100,4448,0.56,0.4442
400,80,1,2,60,4448,0.56,0.4431
400,80,1,1,60,4448,0.56,0.4293
400,80,1,1,20,4448,0.56,0.4293
400,80,1,1,100,4448,0.56,0.4293
150,30,1,0,60,11891,0.5467,0.4287
150,30,1,2,20,11891,0.5467,0.4238
250,50,1,2,20,7112,0.56,0.4236
150,30,1,2,60,11891,0.5333,0.4211
150,30,1,2,100,11891,0.5333,0.4211
250,50,1,2,60,7112,0.56,0.4202
250,50,1,2,100,7112,0.56,0.4202
400,80,2,1,20,4448,0.56,0.4069
400,80,2,1,60,4448,0.56,0.4002
400,80,2,1,100,4448,0.56,0.4002
400,80,0,1,60,4448,0.48,0.3931
250,50,1,0,60,7112,0.5467,0.3918
150,30,0,1,60,11891,0.4667,0.3471
250,50,0,1,60,7112,0.4667,0.3469
400,80,1,0,60,4448,0.4667,0.3287
